tract,tree,grassShrub,bare,water,buildings,roads,otherPaved,totalPixels,percentImp
94,324444.1014,765717.8335,0,0,1278901.181,660579.8642,917669.4386,3947312.419,0.723821725
95,248272.3381,425269.9333,0,0,1470111.934,623623.2566,667014.5771,3434292.039,0.803877404
96,364578.0734,682779.4236,0,0,1722440.46,789096.1571,803836.2086,4362730.323,0.759930727
138,412475.4925,668081.3637,10403.9189,0,1174712.022,590314.9193,817252.525,3673240.242,0.702997707
139,751097.7579,1488407.274,11221.75531,0,1167630.439,739829.012,1901016.74,6059202.978,0.628544085
140,525803.8235,1002253.519,0,0,1254214.12,793997.1767,1156368.692,4732637.331,0.677123507
141,434522.0825,1284978.966,13042.39113,0,1470355.885,1086964.574,1760824.782,6050688.681,0.713661778
142,469961.9935,2319222.086,0,2384755.977,2091811.575,1439700.017,2101727.591,10807179.24,0.521249723
143,366033.7823,865751.8237,0,2753143.289,1332035.553,1561626.628,2027768.385,8906359.461,0.552574886
144,438130.3608,1126058.754,13440.31153,0,2007661.407,1203144.335,1771298.687,6559733.856,0.759497952
145,279327.1262,1002094.551,0,0,629515.0781,650568.8667,898607.2516,3460112.874,0.629658996
146,466116.7627,880662.841,12549.48973,0,1016644.641,889233.1267,1525140.926,4790347.787,0.716235824
147,371525.6837,760968.7834,0,0,1181337.697,513965.1915,807537.4683,3635334.824,0.688475884
148,159111.173,662434.4932,4480.103845,0,401266.7346,339143.1612,490898.8055,2057334.471,0.598497093
149,477944.3968,801133.7492,0,8321.335483,1621750.601,944350.1016,1024659.037,4878159.222,0.736089081
152,744439.0898,1456249.706,0,0,1885237.896,1115680.83,1976106.719,7177714.242,0.693399776
153,550596.8641,1095317.904,0,0,1298479.265,688072.3649,1417747.408,5050213.806,0.674090082
156,254326.1271,992768.4165,0,0,1016713.627,868084.3571,1492320.491,4624213.019,0.730312047
190,556151.753,945116.9483,201256.7426,83947.20804,2282880.355,1411027.752,3035912.726,8516293.486,0.790228853
191,1517988.357,2360435.842,30893.82031,182690.4564,4344600.949,2310442.842,4967108.429,15714160.7,0.739597389
192,385228.9427,849025.1695,54659.06655,0,2475967.732,1190143.936,2115649.807,7070674.653,0.817710015
197,336669.656,383155.3574,0,0,1882490.445,888811.2111,1357066.546,4848193.216,0.85152716
198,413719.2437,490665.8521,0,0,2219215.09,942973.377,1757509.445,5824083.009,0.844716311
199,434158.1553,686736.6321,0,0,2247401.452,1323113.338,2433577.212,7124986.789,0.842681142
200,288326.3261,326611.6679,0,0,1179880.988,750223.9327,863471.2798,3408514.195,0.819587668
202,1162419.481,1601052.741,5093.981051,0,2372742.38,1374156.128,1631044.742,8146509.454,0.660153073
203,621657.6498,729591.0599,0,0,1614080.136,1039759.017,1464098.136,5469185.999,0.752934219
204,546768.6299,522575.4692,0,0,1247435.475,926107.7507,1142156.534,4385043.86,0.756138334
205,1411837.59,3839711.942,20592.88081,0,3260141.874,2482724.381,4371036.662,15386045.33,0.657342592
206,3699177.054,4297504.37,15102.97895,891957.5817,2056400.658,1238485.266,2362248.479,14560876.39,0.388516065
13,681806.6182,932377.4965,0,519616.0612,2465242.877,1232297.504,2543496.224,8374836.781,0.745212924
14,370103.9681,457827.4208,9411.117494,0,1389229.112,473917.2023,699080.163,3399568.984,0.753691568
15,203694.255,270503.8911,11439.71171,0,1000983.773,410360.9155,679687.0422,2576669.589,0.811524978
16,199215.151,113293.3379,0,0,1002053.559,329083.1735,470165.9527,2113811.174,0.852158749
17,339733.0432,279167.1582,0,0,898926.1878,385041.9801,481500.6854,2384369.055,0.740434393
18,172081.5785,167743.4463,0,0,986833.6037,457287.5288,826355.7041,2610301.861,0.869813898
19,256728.6466,369988.9911,0,0,1323874.185,652610.4583,931017.7685,3534220.05,0.822671586
20,250783.8357,464324.1212,0,0,1186749.614,617893.4028,594988.9844,3114739.959,0.770411666
21,215533.8868,409409.1059,3377.324434,0,947897.3921,473563.2731,506840.6167,2556621.599,0.754238047
22,146150.7655,283634.2646,0,0,1007208.528,415683.8508,608992.1833,2461669.592,0.825409132
23,101299.737,249668.0589,15100.97935,0,921880.5962,398374.3132,599497.0826,2285820.767,0.839852371
24,276641.6634,266316.7287,1757.648418,0,2221661.601,1109804.006,1886791.585,5762973.232,0.905480033
25,343375.3146,808192.3373,26968.60547,0,1242028.557,849408.0929,1021305.708,4291278.616,0.725364777
29,245143.9639,189303.1337,18915.21639,0,1634964.958,692457.4877,1204145.135,3984929.894,0.886230793
31,329501.0899,580227.937,6442.711264,0,1744000.148,738807.2164,862742.4256,4261721.528,0.785023087
50,2875752.763,15614684.59,1805764.793,37238420.2,5937237.374,3863120.26,18891467.14,86226447.12,0.332749704
54,6727374.323,8878137.106,0,6883774.039,534275.1289,1678271.295,1032644.44,25734476.33,0.126102852
55,2861181.678,3775153.856,11352.72911,92769.44333,1938074.327,1702041.541,2306396.651,12686970.23,0.468710213
56,2351803.569,3113468.213,10057.9881,0,752293.5187,1120281.91,1699244.1,9047149.299,0.394800551
60,1208591.245,3411743.549,7614.476876,0,2249824.968,2240525.828,2637314.458,11755614.52,0.60632009
61,656236.733,1469811.994,19555.0884,0,1172240.517,979830.0046,1380226.913,5677901.249,0.622113221
62,255629.8664,842928.389,0,0,1328436.273,844056.1634,2214166.1,5485216.792,0.799723822
63,795943.7874,1091633.641,27285.54207,0,1562260.501,1152939.378,1350981.763,5981044.612,0.679844727
100,432894.4081,991656.6389,0,0,1655741.802,881566.6602,1388652.228,5350511.737,0.733754243
101,657430.4942,1184040.156,0,0,2376374.654,1110995.768,1145128.94,6473970.012,0.715557742
102,350210.9473,749344.1087,6084.782861,0,1174872.99,668380.3039,932782.4155,3881675.548,0.715164283
103,347749.4397,568725.2379,3580.283836,0,969358.0993,550394.9045,587908.4007,3027716.366,0.696122473
104,876985.5766,977049.5608,0,0,1314127.135,746002.7771,1178224.32,5092389.369,0.63592039
105,795229.9302,1742864.375,20299.9394,0,1476633.629,1197531.458,1846950.554,7079509.886,0.638619864
106,349513.0869,594420.0981,0,0,814279.1197,499041.1768,600142.9534,2857396.435,0.669652704
107,565580.8669,1001449.68,0,0,1451401.676,1017331.503,920717.8288,4956481.555,0.683842151
108,861125.749,1489170.121,3595.280836,0,1299967.967,1323390.282,1326934.573,6304183.974,0.626614458
109,291656.6599,476227.7402,0,0,759939.9892,487412.5029,655869.8064,2671106.699,0.712522004
110,667511.4777,1103548.257,0,0,1295227.916,1054535.061,969121.1467,5089943.859,0.652047295
111,1124415.083,3846785.527,6229.753862,14497.10015,2900444.824,1921488.645,4193877.099,14007738.03,0.643630724
112,591094.7633,983957.179,0,0,2038571.225,899440.085,903010.3708,5416073.623,0.70918934
113,342680.4536,612316.5183,0,0,1242428.477,552828.4177,854547.0649,3604800.932,0.735076363
114,1866710.602,2326248.68,7245.550672,0,2652262.468,1714393.07,1905178.907,10472039.28,0.598912426
157,211400.7135,759238.1296,19171.16519,0,1695413.866,939962.9792,1597434.465,5222621.319,0.810476397
158,525715.8411,830775.8199,9159.167892,0,2236869.559,1021137.742,1621232.705,6244890.834,0.781317101
160,345760.8375,768969.1831,13737.25214,0,2642444.432,1601277.696,2386930.542,7759119.943,0.854562466
161,458397.3068,1257277.507,0,0,2465148.896,1479567.042,1955830.775,7616221.527,0.774734124
162,344136.1624,990229.9243,5354.928854,0,989906.9889,699026.1738,899879.997,3928534.175,0.658976871
163,349287.1321,1000738.822,0,0,1610872.777,1198672.23,1999293.081,6158864.042,0.78079952
164,518728.2388,993225.3251,0,0,1506153.724,937348.5022,1265448.872,5220904.662,0.710403912
165,559654.0524,884385.0964,5599.879856,0,1172820.401,781336.7092,844918.9909,4248715.129,0.658805313
166,268996.1927,498717.2416,0,0,682563.4668,611439.6937,748881.2013,2810597.796,0.726850482
168,742904.3968,1297094.542,45406.91725,0,1754654.017,1048260.316,1368511.257,6256831.446,0.666699371
39.01,101835.6298,94197.15774,0,0,2138908.154,891280.7171,1298655.23,4524876.889,0.956676658
169.02,492031.5789,1017174.535,3272.345433,0,2186903.554,1089788.01,1278381.285,6067551.308,0.750726713
169.01,523016.381,998853.1994,0,0,1791650.616,850977.7789,1356284.702,5520782.678,0.724338075
207,4298255.22,3669840.922,488.9022049,828383.2985,2539271.07,2276105.711,2696343.65,16308688.77,0.460596222
208,4451483.57,2567882.346,16712.65697,0,869894.9949,294537.0837,1289690.023,9490200.675,0.258595385
209,964665.038,1287774.406,0,308138.3631,1336689.622,768355.3059,1193744.215,5859366.951,0.562994121
210,1457872.382,2059770.984,28661.26689,425966.7939,2498275.27,1368101.339,1908971.148,9747619.184,0.592488037
211,1182008.563,1601859.58,0,0,1145671.831,697372.5046,1281891.583,5908804.062,0.528860982
212,1179844.996,1791636.619,0,0,1025034.962,529330.1181,1023358.298,5549204.993,0.464521203
213,1012395.491,1420232.911,0,0,1648780.194,687651.4491,1027753.418,5796813.463,0.580350754
214,1092816.404,1274651.032,0,492170.5511,1746177.712,964156.1398,1514801.994,7084773.833,0.596368486
215,2844560.003,3235851.733,18721.25519,326753.6395,1772635.42,1104706.026,1872871.37,11176099.44,0.425033156
216,7997236.313,6204014.011,0,1208523.259,2146428.65,1230486.866,3726391.61,22513080.71,0.315519107
241,951359.6995,739613.0552,0,0,1082245.518,405274.9329,1209427.078,4387920.284,0.614630019
242,1424199.117,1177182.528,630.8738063,0,1654809.988,707962.3863,760908.7954,5725693.689,0.545555061
243,2132764.383,1794977.951,5916.816459,0,1434598.037,795086.9588,1145342.897,7308687.043,0.461783064
244,1044220.125,944310.1096,0,0,1303615.238,570893.8041,670478.8841,4533518.16,0.561371508
245,2328750.18,1883620.219,2753.449228,0,1866650.614,927454.4813,1621880.575,8631109.519,0.511635921
246,1456830.59,1184809.003,4452.109445,0,1668669.216,779590.0586,1592883.376,6687234.352,0.604307018
247,2509734.978,2252899.353,159163.1626,0,1928121.318,1195860.792,2089925.952,10135705.55,0.514409977
248,555176.948,711150.7485,5960.80766,0,772224.5319,536817.6204,854850.0044,3436180.661,0.629737598
249,418811.2252,728435.2911,13627.27414,0,1117820.402,593425.2971,628262.3287,3500381.819,0.668357953
252,2162159.503,2563764.17,5477.904255,0,2588164.289,1244099.143,1687233.503,10250898.51,0.538440306
253,1183272.31,1484736.008,8535.292685,0,1576128.727,818483.2788,1186075.749,6257231.366,0.572247939
254,1968231.295,2203045.325,0,0,1545737.806,1260811.8,1307607.439,8285433.665,0.496553012
255,2736929.532,2378268.275,16008.79776,0,1319187.123,897149.5432,903737.2254,8251280.496,0.378132084
256,3722446.399,2564047.114,0,2471.505625,1381511.656,759414.0944,902828.4072,9332719.176,0.326137978
283,848234.3277,1577043.544,0,0,2282401.451,1354272.105,1181586.647,7243538.075,0.66518049
284,395985.791,1394895.979,0,0,1263269.308,1069632.041,1023316.306,5147099.426,0.652060001
285,306547.6813,449176.1513,0,0,883890.1954,464766.0328,868972.1795,2973352.24,0.745834408
286,876239.7258,1146132.739,0,0,2248583.216,1459557.045,2001649.61,7732162.336,0.738446714
287,288336.3241,296998.5914,0,0,1148719.222,588829.2165,1309673.026,3632556.38,0.83886419
288,440508.885,643456.2894,6146.770461,0,1608289.294,863337.3066,1318908.179,4880646.724,0.776646005
290,2151508.634,2057998.339,12812.43713,122331.53,1639668.017,1312959.369,1735482.851,9032761.177,0.519011866
291,2762635.39,1964487.044,0,9339.131893,3385908.717,1577763.4,4584987.865,14285121.55,0.668433933
292,7428518.074,5996634.493,11069.78571,157110.5732,1477091.537,1855829.778,2032043.53,18958297.77,0.282987688
293,839723.0302,1181784.608,9850.029699,2332.533423,2200142.905,834875.9998,2310912.748,7379621.854,0.724418101
294,664294.1212,931782.6155,0,0,2175090.917,1124658.035,2075912.755,6971738.443,0.771064742
298,609803.0211,1469707.015,0,0,1815213.903,1082643.439,2018028.334,6995395.711,0.702731608
333,1331547.651,3524077.079,0,0,1940256.89,1590709.81,2827039.507,11213630.94,0.566989073
334,1082408.486,3226071.689,30537.89151,0,2443918.143,2212280.478,4168487.177,13163703.86,0.670380152
335,570309.9209,2569859.951,13437.31213,0,2030508.837,1589026.147,3374507.997,10147650.17,0.689227838
336,1561672.619,3839051.075,0,0,2556169.689,2082044.529,2431595.608,12470533.52,0.5669212
338,2260542.824,4850465.761,0,0,2989820.946,1836180.709,3133152.276,15070162.52,0.528139887
339,3399382.022,3687791.331,50286.9411,6549.689866,1725286.891,1165013.962,2300401.851,12334712.69,0.420820722
340,1734829.982,2843727.169,0,231.9536023,1320687.823,1009917.986,1294296.102,8203691.016,0.441862316
341,2601924.537,4183736.127,56022.79376,0,2765900.737,1931651.612,3016632.583,14555868.39,0.529970781
342,2981568.597,3820842.717,0,3503.299235,1251522.658,760306.9158,1585033.946,10402778.13,0.345759899
9802,45559936.65,8147467.262,12217.55612,1929034.135,135596.8766,1484675.02,757231.531,58026159.03,0.040972959
344,11568328.99,11997861.07,20130.9732,43014.39583,4795870.682,3456936.509,5096838.479,36978981.09,0.361006314
346,4238538.165,4449646.937,114862.0241,10239.9517,3690787.732,1158755.214,6359455.918,20022285.94,0.559826131
64,1472450.466,1458961.164,0,88025.39228,1437192.518,1126882.59,1440806.795,7024318.925,0.570145226
65,3363632.173,4359619.945,3643.271236,116540.6884,1820713.803,1225245.914,1376822.594,12266218.39,0.360566082
66,664321.1158,1444240.109,11042.79111,0,1760010.945,1163509.263,1967352.47,7010476.694,0.697651942
363.01,4657475.365,5808437.138,34214.15614,115348.9268,4167421.391,2499927.939,8325464.657,25608289.57,0.585467215
364,11854750.69,20274807.43,2395894.749,171350.7247,3708575.174,2420982.731,7478526.07,48304887.57,0.281712362
366,867382.4975,1287215.518,19254.14859,14476617.24,1647561.438,2896015.71,4349534.963,25543581.52,0.348154471
348.03,2181834.568,6181226.569,40014.9958,20756.84801,1670709.808,1224504.062,2452877.351,13771924.2,0.388332897
347.02,1851323.68,4095718.733,28497.29969,0,1655077.935,1305497.861,1867367.47,10803482.98,0.446887664
362.02,1791233.7,4045701.738,0,1264.747013,2205938.746,1877990.346,2116722.592,12038851.87,0.515053408
38,870308.9121,1352325.494,17625.47438,0,3476784.539,1424264.104,4577687.325,11718995.85,0.808835167
83.02,349716.0463,612762.4291,1289.742013,0,1949036.134,801369.702,862819.4102,4576993.464,0.789432031
176.02,414771.0333,713355.3075,0,0,1216987.566,847240.5265,1096477.672,4288832.105,0.736961878
10.02,1208369.29,504644.056,0,0,1774658.015,515929.7986,1073088.35,5076689.51,0.662572757
10.01,610535.8745,212382.5171,0,0,826252.7247,243930.2066,576269.7288,2469371.052,0.666749802
4.02,125125.9711,93121.37293,0,0,1402793.399,686624.6545,961202.7306,3268868.128,0.933234583
4.01,89028.19169,116916.6132,0,136361.7236,868333.3073,639869.007,662605.459,2513114.302,0.863791898
122.04,1402642.429,3229134.076,4216.156642,512374.5097,1515146.925,871403.6931,2468651.196,10003568.99,0.485346962
122.03,571021.7785,306796.6315,0,0,378388.311,224158.1616,925423.8875,2405788.77,0.635122409
136.02,228017.3897,327243.5415,0,0,1102719.423,386998.5887,481119.7616,2526098.704,0.780190327
345.01,944970.9775,1287602.441,0,1910.617819,936459.68,414613.0649,1228657.232,4814214.013,0.535856937
345.02,1671897.57,2852570.4,0,0,2086731.591,1223188.326,3179674.97,11014062.86,0.589209901
11.02,385823.8237,170242.9463,0,0,945493.8729,239403.1122,455746.837,2196710.592,0.746863892
9.02,196164.7612,94151.16694,0,0,792092.5577,184614.0716,402873.4132,1669895.971,0.826147297
9.01,67861.42568,25577.88366,0,0,613247.3321,175512.8922,253396.3131,1135595.847,0.917717813
172.01,189387.1169,277309.5298,0,0,1198171.33,600185.9448,565350.9129,2830404.834,0.835113111
172.02,329513.0875,335938.8022,0,0,1314174.126,623740.2332,524124.1594,3127490.408,0.787224962
274.01,407853.4171,529838.0165,0,0,1148589.248,562340.515,867781.4177,3516402.614,0.733337864
201.01,673908.1981,970994.7719,0,0,1628569.237,740473.883,1191093.746,5205039.836,0.683978793
201.02,400031.9816,507508.4831,0,0,1573180.317,636848.6112,898567.2596,4016136.652,0.774026498
311.01,135874.821,470448.8961,0,0,1079071.153,787886.3991,1289727.016,3763008.285,0.838872606
311.02,375885.8116,820187.9378,14426.11434,0,1126014.763,759762.0248,1189444.075,4285720.727,0.717550456
195.02,245639.8647,375178.953,0,0,1385969.764,769936.9895,1209001.163,3985726.735,0.844239493
195.01,234578.0773,576544.6738,16292.74096,0,1437995.358,716104.7576,1258059.35,4239574.958,0.804835272
289.01,685308.9177,1445699.817,0,0,1423996.158,804417.0924,2068861.166,6428283.15,0.668494887
289.02,2516704.584,1936300.682,16149.76956,47444.50967,1458777.201,1008548.26,1361342.691,8345267.696,0.458783144
331.01,469239.1381,966459.6791,0,0,1492729.409,835837.8074,1477003.555,5241269.589,0.726078044
331.02,1256797.603,2188768.181,18999.19959,0,1485329.889,959308.1096,2042614.416,7951817.398,0.564305264
315.01,704578.0632,1150950.775,0,0,1766396.668,1008966.176,1690082.933,6320974.615,0.706448934
305.01,403060.3758,659231.134,0,0,1239797.003,721777.6228,1038208.327,4062074.463,0.738485466
305.02,1082533.461,1608373.277,40969.80481,0,1579920.968,1018382.293,1971245.692,7301425.496,0.625843399
98.02,719544.0696,1532619.43,0,0,1483169.322,862502.4736,1836562.632,6434397.927,0.649980694
180.01,317829.4246,786026.7711,44543.09005,48.99020049,1040163.936,864246.1248,1116823.602,4169681.939,0.724571732
177.02,324820.0262,639149.151,0,0,1893624.218,965453.8803,1443780.201,5266827.476,0.816973466
177.01,229401.1129,301197.7514,0,0,989798.0107,474376.1105,599136.1548,2593909.14,0.795444314
356.02,2952496.412,4862274.399,44401.11844,5635.872656,2583096.303,1524837.987,3055318.845,15028060.94,0.47665851
357.01,958007.3698,1830038.937,0,3280.343833,1253267.309,956137.7438,1450241.908,6450973.612,0.567301493
357.02,2369916.946,7953832.995,307941.4025,248574.2777,1694131.123,1249216.119,2947010.509,16770623.37,0.351230698
356.01,4873792.095,8140384.679,18799.23959,28784.24229,3131674.571,2312692.392,3476789.538,21982916.76,0.405822239
151.01,210331.9273,405613.8651,0,0,736922.5934,345626.8643,379873.014,2078368.264,0.703639724
151.02,759080.1612,1183259.313,3435.312834,16818.63577,1565750.803,1182513.462,1303961.169,6014818.856,0.673706978
365.01,4834338.987,6600751.652,0,19236.15219,2643303.26,1880985.746,3612791.333,19591407.13,0.41533925
9804,235905.8118,9752695.168,213543.2849,527461.4919,2440324.862,1153650.235,17688933.68,32012514.54,0.664830898
134.02,375751.8384,416335.7204,4986.00265,0,933894.1931,318082.374,519428.0988,2568478.227,0.68967089
134.01,289385.1143,220935.8062,0,0,645329.9147,289678.0557,328167.3567,1773496.248,0.71225148
136.01,181647.665,206990.5957,0,0,776920.5926,295761.8388,342939.4018,1804260.094,0.784599647
379,621000.7812,1527139.526,4291.141643,1998.60022,3460566.783,2214372.059,6966771.437,14796140.33,0.854392429
382,1181825.599,1809502.045,12179.56372,262396.5128,5376181.602,3642392.412,7676661.437,19961139.17,0.836386907
380,329839.0223,1334020.156,0,28688.26149,2172717.391,1515581.838,4032664.346,9413511.015,0.820200196
381,1970692.802,9466530.41,3094.381031,16654350.63,6515015.801,4374934.882,13563200.95,52547819.86,0.46535045
384,13028891.83,6083122.193,12075.58452,0,1650700.81,1518668.221,2136785.579,24430244.22,0.217196135
1,769395.0979,432151.5567,793.8412079,0,2838328.249,1396404.677,2158481.239,7595554.661,0.841704714
2,151756.6441,200842.8254,0,0,1567681.417,701527.6734,1494812.993,4116621.552,0.914347368
3,602008.5802,572658.4511,0,614.8770062,1802147.516,1205305.903,1704329.083,5887064.41,0.800361976
5,193870.2201,33931.21274,0,0,2559015.12,715895.7994,1112730.421,4615442.773,0.950643645
6,49130.17249,15155.96835,0,0,1097076.552,265739.8441,431505.6859,1858608.223,0.965411677
7,107022.5923,103966.2036,0,92488.49953,1409415.075,426725.6421,617815.4184,2757433.431,0.889942114
32,468812.2235,842529.4688,9639.071896,0,1770936.76,900571.8586,1300610.839,5293100.221,0.750433449
33,1039843,1799401.066,3857.228439,965298.9113,2810843.747,1832575.43,4016232.633,12468052.02,0.694547296
36,673803.2191,2443830.161,75212.95515,0,2126118.712,1963214.298,3105341.838,10387521.18,0.692626732
37.01,187611.4721,100986.7996,0,0,1795345.877,689361.1071,1054776.013,3828081.269,0.924610202
37.02,151456.7041,97669.46318,0,0,1111074.752,533355.3129,770424.8919,2663981.124,0.906483509
41.01,184799.0346,419045.1784,0,0,1695240.901,727519.4743,998958.1784,4025562.767,0.849997566
40.02,69587.0805,49730.0525,0,0,1647993.352,815933.7888,1128379.29,3711623.564,0.967853116
39.02,443354.3158,421354.7164,0,0,1743629.222,979922.986,1295824.796,4884086.036,0.822953767
40.01,95121.97275,34277.14354,0,0,1592380.476,614003.1809,1054595.049,3390377.823,0.961833423
41.02,170880.8187,181811.6322,0,0,1836692.606,861957.5826,1166764.612,4218107.252,0.916386087
42.02,243094.3738,427698.4475,16791.64117,0,1581629.627,1139273.111,1471602.635,4880089.836,0.859104138
42.01,155586.878,173227.3493,13688.26194,0,1510869.781,910833.8059,1128647.237,3892853.313,0.912017623
79,948137.3441,669930.9937,0,0,1452130.53,504879.009,493445.2961,4068523.173,0.602295902
80,683223.3348,794731.0299,0,0,1707984.352,708207.3373,739690.0398,4633836.094,0.681051652
82,1895777.788,1787918.363,11604.67872,42643.47003,2838885.138,1288225.316,1222151.533,9087206.286,0.588658584
176.01,330555.8789,1032310.507,0,0,1875339.876,1273443.273,1743154.317,6254803.852,0.782108853
83.01,1182825.399,1131204.725,8640.271686,35813.83616,1582039.545,781425.6914,848631.2483,5570580.717,0.576617887
84,332493.4913,551778.6277,0,0,2043522.234,936135.7448,1536743.605,5400673.703,0.836266331
85,622022.5768,951178.7357,0,0,2825658.783,1164688.027,1125269.912,6688818.036,0.764801299
90,897120.549,773043.3681,6698.660067,0,1247057.551,727287.5207,1043936.181,4695143.83,0.642851713
91,684471.0852,637080.5648,0,0,1328201.32,758138.3496,1172947.375,4580838.695,0.711504434
92,688120.3553,1561772.599,17978.40378,0,1043986.171,779274.1218,1420090.939,5511222.59,0.588499408
93,507834.4179,702838.4112,0,0,1666135.723,770896.7975,674628.0541,4322333.404,0.719902951
67,1489109.133,2439604.006,95021.99275,0,2277025.527,2068885.161,2419746.978,10789392.8,0.627065655
69,1717878.373,2403814.165,234422.1085,1175780.809,782407.495,907566.4595,1517878.379,8739747.788,0.367041751
70,365576.8737,708496.2795,0,0,1771485.65,1020940.781,1188405.283,5054904.867,0.787518622
72,559866.01,951688.6337,0,0,1850151.914,1036595.65,1011586.652,5409888.86,0.720594141
73,419314.1246,672647.4503,0,0,1401270.704,820746.826,853373.2997,4167352.404,0.737972346
74,717933.3918,1443557.245,90172.9627,0,2030757.788,1436192.718,1552946.364,7271560.47,0.690346576
77,887547.4639,698213.3364,925.8148093,0,728144.3493,431454.6961,719862.006,3466147.666,0.542233405
78,995363.8974,843957.1832,0,0,1434713.014,791857.6047,534721.0397,4600612.739,0.600200846
115,513653.2539,539363.1112,0,0,1366340.691,565469.8891,1003372.295,3988199.24,0.735966961
117,2049489.041,2001083.723,0,0,1091480.671,575925.7976,1326280.704,7044259.937,0.424982496
118,1126017.763,1721022.744,0,0,2864777.958,1701791.591,2436989.529,9850599.585,0.710977948
119,1190620.84,1589107.131,0,0,1871465.651,1272869.388,1514645.026,7438708.035,0.626315758
120,2201253.683,1632189.513,0,0,985589.8525,714104.1577,923342.3038,6456479.51,0.406264174
121,2454053.116,4008320.216,45966.80526,64337.13064,1010558.858,703735.2318,1187532.458,9474503.815,0.306277416
125,1544729.008,1662316.487,26752.64867,462089.5682,1852677.409,1883222.299,2376149.699,9807937.118,0.623173796
131,421906.606,681157.748,1130.773811,0,633512.2785,661099.7602,1069485.071,3468292.237,0.681631462
132,282050.5814,1125970.772,0,0,901402.6924,775910.7946,1507178.519,4592513.36,0.693409416
133,244578.077,554670.0493,0,0,1320673.826,701839.611,1030904.788,3852666.351,0.792546758
135,504381.1086,840274.9198,6842.631268,0,1446270.702,626872.6067,933646.2427,4358288.212,0.689901495
137,550149.9535,1066058.756,0,5959.80786,2109000.137,1074622.043,1541587.636,6347378.334,0.744434878
170,2701165.686,4106688.539,20375.9242,476255.7346,3509862.922,2203484.237,4416536.56,17434369.6,0.581029538
171,1469512.053,3771564.574,20978.80361,0,2571343.654,1513421.27,2930004.911,12276825.27,0.571383048
173,475980.7896,1232858.391,0,0,2677497.42,1854108.123,3173911.123,9414355.846,0.818485809
174,389500.0883,822032.5688,4052.189441,0,1011370.696,750001.9771,833237.3275,3810194.847,0.680965175
175,782642.448,1269665.029,0,67239.55007,2368807.167,1447094.538,1880360.871,7815809.604,0.728812863
178,406465.6947,1110454.876,6254.748863,0,2488439.237,1225017.96,1898140.315,7134772.831,0.786513831
179,554999.9834,1223832.197,0,0,2190488.837,1342399.48,2373925.144,7685645.64,0.768551367
183,1887988.346,6604932.815,14132.17314,1285434.874,2416004.727,3036354.638,5669752.879,20914600.45,0.531786981
184,664098.1604,2625560.809,110821.8323,9882121.279,2062537.431,1150554.855,7602601.252,24098295.62,0.448815705
188,414453.0969,548530.2775,0,0,2891085.696,1198347.295,2087897.358,7140313.723,0.865134305
217,3880572.769,5736426.543,69257.14649,1054.789011,2577440.435,1730223.903,2790482.82,16785458.4,0.422874788
218,3281682.565,3568556.182,0,0,1531980.558,862429.4882,1764150.117,11008798.91,0.377748762
219,7320149.75,5301403.56,8823.235088,456666.653,841066.7614,723654.2474,1088693.229,15740457.44,0.16857288
220,16300081.49,11816444.36,51929.61252,949020.1675,1150236.918,853696.2351,1558663.221,32680072.01,0.109014337
9801,51705716.31,7861277.509,114785.0395,1756563.635,120955.8052,1329413.077,524680.0482,63413391.42,0.031145613
231,3591894.513,1966314.678,0,1061.787611,975063.958,632207.5395,697704.4382,7864246.915,0.29309557
235,4411649.538,2338197.29,0,0,781101.7562,447402.5061,614706.0403,8593057.131,0.214499947
236,4737204.417,2468743.177,0,0,1427896.378,994750.0201,899091.1548,10527685.15,0.315524021
237,3941504.581,2936555.601,0,0,1997859.368,1244290.105,1428560.245,11548769.9,0.404433525
238,2518686.187,2112828.371,0,0,1902187.505,757123.5526,1122511.464,8413337.08,0.449503269
239,2913451.222,977550.4606,6222.755262,7681.463477,372574.4739,460725.841,520522.8798,5258729.096,0.257443038
240,1508636.227,1425615.834,0,0,1626793.592,834008.1733,1245537.855,6640591.682,0.558133943
257,2337507.428,1666456.659,0,0,1506059.743,835403.8942,1682069.536,8027497.26,0.501218878
258,1415709.816,2764792.958,31527.69352,0,614523.0769,528920.2001,954753.0207,6310226.765,0.332507274
259,465284.9291,1219254.113,18968.20579,0,1467622.431,1001107.748,1737574.433,5909811.86,0.711749327
260,722647.4488,1916189.705,19496.1002,0,912723.4279,804121.1516,1463659.224,5838837.057,0.544715287
261,955235.9242,1943916.158,11177.76411,0,1310563.848,1106136.739,1662046.541,6989076.975,0.583588812
262,765748.8273,1647675.415,8451.309485,0,1155670.831,1009132.143,1397248.508,5983927.035,0.595269872
348.01,3108645.178,5123153.216,48289.34068,28201.35888,2083738.19,1509128.129,3065812.745,14966968.16,0.444891644
263.02,846701.6343,1422589.439,0,0,2014030.134,1366682.622,1927257.491,7577261.32,0.700513025
264,1067958.376,2616490.623,68326.33268,0,1773741.199,1193801.204,1857440.456,8577758.191,0.562499286
265,636874.606,1309981.964,0,0,1495347.886,1039040.161,1392526.453,5873771.07,0.668550826
266,1349923.975,3394274.043,0,0,2026081.723,1172490.467,1860010.942,9802781.15,0.516035506
267,628916.1979,850859.8025,0,0,2249109.111,1274993.963,1926667.609,6930546.683,0.786484953
268,1860837.777,1595701.812,0,0,1845483.848,1332573.445,1727984.351,8362581.233,0.586665948
299,524942.9957,1768058.335,22037.59182,0,1517687.417,1002581.454,1531475.659,6366783.452,0.636387991
300,1014396.09,2199738.986,0,0,3029538.002,1421390.679,2138952.145,9804015.903,0.672161377
301,1827143.516,1678766.196,9844.030898,0,2036393.66,861589.6562,1391140.73,7804877.79,0.549544037
302,1445362.884,1739657.016,28634.27229,0,2406652.597,1620734.804,2462829.36,9703870.935,0.668827606
306,1727654.417,2783577.201,0,0,2472686.389,1436059.745,2289065.118,10709042.87,0.578745582
307,1259543.054,1574104.132,5886.822459,0,1468548.246,955276.916,1807742.397,7071101.568,0.598431167
308,1346300.699,2683953.129,44469.10484,0,1595840.784,1217518.46,1676849.58,8564931.757,0.524255061
309,670018.9761,2225713.79,0,0,1193090.346,1025066.956,1827584.428,6941474.497,0.582836072
310,1470763.803,3252977.307,0,0,2371578.613,1693359.277,2657275.465,11445954.47,0.587300375
312,381979.5926,941656.6404,0,0,1037295.51,1008101.349,1257585.445,4626618.537,0.713908501
313,543028.378,1510127.929,44257.14724,0,1708817.185,1509614.032,2338743.181,7654587.853,0.725992634
316,503911.2026,1290632.835,0,0,1799060.134,1469347.086,2620562.809,7683514.067,0.766442279
317,658019.3764,3222400.423,0,0,1562741.405,1481879.58,2561352.653,9486393.437,0.590948886
363.03,7168238.137,11077431.18,354543.0807,40716.85541,3256195.663,1919907.961,3295885.724,27112918.6,0.312470578
347.01,2022908.358,3774125.062,0,0,2213189.296,1743115.325,2411774.573,12165112.61,0.523470632
348.02,4072351.408,3649153.06,0,28805.23809,2006989.542,1470796.797,2120032.93,13348128.97,0.41937108
349,2727012.516,5809475.931,65228.95225,705.8588071,2783613.194,2648814.158,6888778.038,20923628.65,0.588865612
351,2206187.696,3151203.665,0,4981886.473,1710325.884,998309.3082,2677479.424,15725392.45,0.342510664
352,4945516.748,7610307.71,49629.0727,75403.91695,2281481.635,2342948.34,2738411.236,20043698.66,0.367339448
353.01,4069578.962,5105114.824,60552.88761,41869.62482,1984757.989,1369450.069,2566267.669,15197592.03,0.389566697
263.01,419017.184,971564.6579,0,0,1050600.848,775749.8268,1159940.977,4376873.494,0.682288774
8.04,59780.0422,29941.0109,5514.896855,0,956911.589,228165.3601,285390.9133,1565703.812,0.939173713
12.02,373785.2317,214179.1577,0,0,1615868.778,419119.1636,698586.2618,3321538.593,0.822984327
12.01,733179.3421,411672.6531,8367.326284,214072.1791,1334672.026,460683.8494,590675.8471,3753323.223,0.635711763
8.03,320245.9412,131898.6163,0,0,701777.6234,192958.4025,298121.3668,1645001.95,0.725140412
9809,12894432.73,49427493.02,2987260.458,37598162.24,12012916.06,15297989.94,91094025.46,221312279.9,0.535012931
27.02,301274.736,264058.1804,14241.15134,0,1564087.136,686463.6867,1127224.521,3957349.411,0.853544884
30.02,184036.1872,288526.2861,0,0,979939.9826,380377.913,609919.9977,2442800.367,0.806548877
30.01,72523.49313,38364.32598,0,0,1195889.786,399526.0828,732414.4951,2438718.183,0.954530286
28.02,123379.3204,60478.9024,0,0,1885236.896,632906.3997,1201931.578,3903933.096,0.952904361
9807,1121587.649,8643737.993,483020.3814,16712050.09,8988507.029,11495507.55,32828661.28,80273071.98,0.664141468
27.01,101725.6518,236990.5948,0,0,1082444.479,383931.2022,615127.956,2420219.883,0.860047325
9806,413549.2777,1995116.917,5598.880056,0,1284628.036,1508051.344,8638635.014,13845579.47,0.825629178
337.01,1466763.603,2876517.61,0,0,1952427.456,1529962.962,2602194.483,10427866.11,0.58349281
337.02,1817766.392,4321049.66,0,0,1886163.711,1369217.115,1977442.452,11371639.33,0.460164373
315.02,298148.3614,1357514.456,33875.22394,0,1366131.733,1122011.564,2043448.249,6221129.587,0.72841941
314.01,293831.2249,1199678.028,0,0,1590881.776,1161583.648,2156826.57,6402801.248,0.766741275
314.02,284597.072,1415548.848,0,0,1227469.469,1213744.215,1932119.518,6073479.122,0.720070509
167.01,290395.9121,453618.2627,0,0,1088859.195,481868.6118,419771.0332,2734513.015,0.727917121
167.02,333928.2043,583673.2478,0,0,1444083.14,595712.8396,864965.9809,3822363.413,0.75993872
279.01,585408.9007,934263.1193,3704.259037,0,1288578.246,779647.0472,884037.166,4475638.738,0.659629302
279.02,3460947.707,1850184.908,947.8104095,0,1249023.158,931660.6399,2067064.525,9559828.747,0.444333098
81.01,244851.0224,330594.8711,3822.235438,0,1022072.555,492079.5693,530097.9645,2623518.218,0.779201789
71.02,339547.0804,612562.4691,0,0,1657063.538,847486.4773,1018540.261,4475199.826,0.78724759
88.02,714640.0505,552968.3897,0,0,1427094.538,567026.5777,979883.9938,4241613.55,0.701149474
87.02,560834.8162,432897.4075,0,0,919806.0112,430176.9517,708426.2935,3052141.48,0.674414758
87.01,574895.0038,375982.7922,0,0,940075.9566,405024.9829,497567.4716,2793546.207,0.659616228
81.02,255493.8936,408568.2741,0,0,1758841.179,693825.2141,785013.9737,3901742.534,0.829803694
86.02,258735.2452,503122.3604,5717.856257,0,1307832.394,672770.4257,1225424.878,3973603.16,0.806831374
375,3979229.035,2625695.782,0,716.8566072,1924302.082,1077005.567,1399277.103,11006226.42,0.399826842
9808,12486484.33,9492403.235,87494.49848,231882.6165,38379.32298,438119.363,584588.0648,23359351.43,0.045424495
180.02,170509.8929,310708.8489,0,0,2006442.651,820048.9656,1426033.75,4733744.109,0.898342891
88.01,276971.5974,125442.9077,0,0,688246.3301,323677.2548,574492.0843,1988830.174,0.797662711
122.01,1030044.96,696141.7508,0,22996.40003,684354.1086,133815.2329,1313133.334,3880485.786,0.549236047
98.01,297532.4846,465502.8855,0,0,774950.9866,477212.5432,1216736.616,3231935.516,0.763907613
71.01,271503.6911,386403.7077,0,0,1010275.915,538913.2012,518815.2214,2725911.736,0.758646845
28.01,64679.06225,88897.21789,0,0,1177716.421,400577.8724,668037.3725,2399907.946,0.936007429
9805,1089492.069,2256849.562,50549.88851,0,17214.55657,551835.6163,506570.6707,4472512.363,0.24049589
8.01,128670.2621,174486.0975,0,146571.6813,402540.4798,156637.6678,227246.5439,1236152.732,0.636187318
11.01,272344.5229,135567.8824,0,0,787272.5219,259165.1592,418516.2842,1872866.371,0.782198874
274.02,568705.2419,839393.0962,0,0,1790810.784,969885.9937,1334856.989,5503652.104,0.744152008
86.01,426064.7743,462433.4994,0,0,889160.1413,372886.4115,566904.6021,2717449.429,0.673039629
365.02,4374769.915,6922821.228,203414.311,19470.10539,2309423.046,1671746.601,2740318.854,18241964.06,0.368462983
367,500996.7856,903266.3196,0,0,2384137.101,2045682.802,2789896.937,8623979.945,0.837167629
376,242994.3938,451639.6585,0,0,2173098.315,1849419.061,3003866.137,7721017.565,0.910033354
386,21761793.99,9534575.799,30706.85771,213995.1945,1619642.023,945215.9285,1985544.831,36091474.62,0.126079714
385,7237192.344,3812429.4,0,23353.32863,1385982.762,900489.875,1290542.853,14649990.56,0.244165037
387,9414536.81,7166332.518,31892.62052,194779.0383,1914766.989,1210702.823,2407630.402,22340641.2,0.247669714
388,7001011.588,3476124.671,0,29776.0439,1978655.21,972541.4625,1567643.424,15025752.4,0.300739689
389,4361274.614,4421294.608,5894.820859,8750.249688,1586519.648,1186744.615,2212688.396,13783166.95,0.361742165
9800,43798364.01,27314721.24,250561.8801,14392536.06,1807767.392,14918980.76,9912381.226,112395312.6,0.237012815
269,2283694.193,1769594.028,0,0,1033213.326,832461.4827,733362.3055,6652325.335,0.390696032
270,2308757.179,1801549.636,0,0,1063951.178,955051.961,783105.3554,6912415.31,0.405373284
271,634446.0917,1056888.591,2886.422629,424747.0378,734030.1719,646110.7585,955323.9066,4454432.98,0.524301263
272,1346477.664,2073950.148,0,36154.76796,1243486.265,751232.7309,1858120.32,7309421.896,0.527105888
273,1554274.099,1933211.3,48114.37568,103315.3338,2193082.318,1229480.067,3166253.654,10227731.15,0.644210915
275,1483601.235,1176339.697,0,0,1784812.984,814315.1125,1296271.707,6555340.735,0.594233002
276,1057734.421,1117901.386,0,0,1584094.134,1425059.945,1926151.712,7110941.598,0.694043921
277,776484.6798,1108571.252,12757.44813,0,1640317.887,1122649.436,1176894.586,5837675.29,0.674902545
278,1043455.278,1519417.071,13305.33853,0,2099669.003,1211069.75,1913805.182,7800721.622,0.669751362
280,1077815.405,1329669.026,6087.782261,0,2014571.025,1463927.171,1838713.202,7730783.611,0.68779721
281,1161162.733,790847.8067,0,0,1450711.814,975162.9382,1040439.881,5418325.172,0.63973913
282,1336432.673,1634110.129,18382.32298,0,2234916.95,1575674.818,2435950.737,9235467.629,0.676364506
318,541996.5844,963897.1916,0,0,1132097.547,973398.2911,1382904.378,4994293.991,0.698477146
319,1574682.016,2422236.48,30402.9185,0,1493396.276,1129869.992,1672651.42,8323239.102,0.516135321
320,548783.2269,1621060.739,113408.3149,0,1662540.442,1021415.686,2365914.746,7333123.155,0.688638492
321,662260.528,1486302.695,12456.50832,0,1600634.825,934953.9812,1251177.727,5947786.264,0.636668227
323,439971.9924,2305529.825,84174.16264,0,1150324.901,885045.9643,1590081.936,6455128.781,0.561639113
325,1203844.195,2596042.714,7469.505875,0,2150313.873,1386606.637,1688352.279,9032629.203,0.578488574
326,816254.7246,1928957.151,441.9116044,0,2452775.371,1320113.938,2196306.673,8714849.769,0.684945368
9891,3056958.517,15318991.74,5682.863257,14688257.91,2771808.555,1818865.172,6552698.264,44213263.02,0.25203686
329,2097138.509,2393516.225,51746.64912,158659.2634,1777906.365,1303536.254,2398348.258,10180851.52,0.538244848
330,492001.5849,1285495.862,18706.25819,0,2223600.213,1282194.523,2572433.436,7874431.877,0.771894184
332,1351646.63,3305380.825,527689.4463,0,1360781.803,775094.9578,1806561.633,9127155.295,0.431946019
9803,12274500.73,35258893.16,583993.1838,199519.0902,10179147.87,4431500.567,19075683.29,82003237.89,0.410792703
355,4100805.716,7185673.65,67869.42408,2329.534023,4574760.911,2761396.638,5965409.739,24658245.61,0.539436888
358,4433722.123,6506438.517,2734.453027,10917.81611,2842783.358,2369950.939,2759649.987,18926197.19,0.421235402
359,8038836.991,6761378.521,75357.92615,20239.9514,3240805.742,2278053.321,3776597.567,24191270.02,0.384248393
360,2355117.906,4648985.063,614968.9878,3919.216039,5057674.313,1691280.693,7622781.215,21994727.39,0.653417338
361,3349287.042,4205724.729,54072.18394,10853.82891,1601938.564,1889425.058,2140537.828,13251839.23,0.424990173
362.03,4296588.553,5456203.596,31168.76531,47019.59467,2154886.958,1960034.934,2594446.033,16540348.43,0.405636432
353.02,4071588.56,6153839.048,63242.34963,96912.61457,1935142.913,1579454.062,2419940.939,16320120.49,0.363633217
362.01,2428190.289,3839810.923,63925.21304,65074.98305,1763526.242,1190579.848,1919143.114,11270250.61,0.432399365
363.02,781451.6862,1823068.332,0,0,1027597.45,822274.5204,1035494.87,5489886.858,0.525578562
369,2883883.137,3910449.793,390910.8061,1800775.791,4797156.425,3334107.079,4863932.068,21981215.1,0.591195505
373,5219028.038,11857317.18,113402.3161,1522354.483,1875673.809,4360489.771,4494654.934,29442920.53,0.364461756
372,570307.9213,3163392.227,60590.88001,0,1845212.902,1917938.355,3512594.376,11070036.66,0.657246751
383,2264824.967,7470536.669,44589.08085,0,7604309.91,3466012.693,12133644.91,32983918.23,0.703493362
390,1559735.006,4448935.079,441107.7652,0.99980001,5866661.492,1777189.509,7784891.788,21878521.64,0.705200426
378,3131134.679,9414176.882,392949.3983,19244487.53,4697785.302,4610810.7,18854372.56,60345717.05,0.466693743
377,934850.002,1348274.305,0,0,2055169.904,1212412.481,2380826.763,7931533.455,0.712145915
